<metadata xml:lang="en"><Esri><CreaDate>20250108</CreaDate><CreaTime>15123700</CreaTime><ArcGISFormat>1.0</ArcGISFormat><ArcGISstyle>North American Profile of ISO19115 2003</ArcGISstyle><SyncOnce>FALSE</SyncOnce><DataProperties><lineage><Process Name="Create Table (3)" ToolSource="c:\program files (x86)\arcgis\desktop10.1\ArcToolbox\Toolboxes\Data Management Tools.tbx\CreateTable" Date="20150629" Time="141502">CreateTable \\os.uga.edu\onu-ocha\working\Process_Files\CODServices\CreateTemplateGDB\XXX_AdminBoundaries_working.gdb AdminUnit_Lookup_Table # #</Process><Process Name="Add Field (20)" ToolSource="c:\program files (x86)\arcgis\desktop10.1\ArcToolbox\Toolboxes\Data Management Tools.tbx\AddField" Date="20150629" Time="141503">AddField \\os.uga.edu\onu-ocha\working\Process_Files\CODServices\CreateTemplateGDB\XXX_AdminBoundaries_working.gdb\AdminUnit_Lookup_Table adminUnitLevelNumber SHORT # # # # NULLABLE NON_REQUIRED #</Process><Process Name="Add Field (23)" ToolSource="c:\program files (x86)\arcgis\desktop10.1\ArcToolbox\Toolboxes\Data Management Tools.tbx\AddField" Date="20150629" Time="141538">AddField \\os.uga.edu\onu-ocha\working\Process_Files\CODServices\CreateTemplateGDB\XXX_AdminBoundaries_working.gdb\AdminUnit_Lookup_Table adminUnitLevelTitle TEXT # # 50 # NULLABLE NON_REQUIRED #</Process><Process Name="Add Field (23)" ToolSource="c:\program files (x86)\arcgis\desktop10.1\ArcToolbox\Toolboxes\Data Management Tools.tbx\AddField" Date="20150629" Time="141538">AddField \\os.uga.edu\onu-ocha\working\Process_Files\CODServices\CreateTemplateGDB\XXX_AdminBoundaries_working.gdb\AdminUnit_Lookup_Table adminUnitLocalTitle TEXT # # 50 # NULLABLE NON_REQUIRED #</Process><Process Name="Add Field (2)" ToolSource="c:\program files (x86)\arcgis\desktop10.1\ArcToolbox\Toolboxes\Data Management Tools.tbx\AddField" Date="20150629" Time="141539">AddField \\os.uga.edu\onu-ocha\working\Process_Files\CODServices\CreateTemplateGDB\XXX_AdminBoundaries_working.gdb\AdminUnit_Lookup_Table date DATE # # 100 # NULLABLE NON_REQUIRED #</Process><Process Name="Add Field (2)" ToolSource="c:\program files (x86)\arcgis\desktop10.1\ArcToolbox\Toolboxes\Data Management Tools.tbx\AddField" Date="20150629" Time="141540">AddField \\os.uga.edu\onu-ocha\working\Process_Files\CODServices\CreateTemplateGDB\XXX_AdminBoundaries_working.gdb\AdminUnit_Lookup_Table validOn DATE # # 100 # NULLABLE NON_REQUIRED #</Process><Process Name="Add Field (2)" ToolSource="c:\program files (x86)\arcgis\desktop10.1\ArcToolbox\Toolboxes\Data Management Tools.tbx\AddField" Date="20150629" Time="141541">AddField \\os.uga.edu\onu-ocha\working\Process_Files\CODServices\CreateTemplateGDB\XXX_AdminBoundaries_working.gdb\AdminUnit_Lookup_Table validTo DATE # # 100 # NULLABLE NON_REQUIRED #</Process><Process ToolSource="c:\program files (x86)\arcgis\desktop10.8\ArcToolbox\Toolboxes\Data Management Tools.tbx\CalculateField" Date="20230306" Time="140410">CalculateField AdminUnit_Lookup_Table date "21 DEC 2022" VB #</Process><Process ToolSource="c:\program files (x86)\arcgis\desktop10.8\ArcToolbox\Toolboxes\Data Management Tools.tbx\CalculateField" Date="20230307" Time="163338">CalculateField som_admbndt_adminUnitLookup validOn "08 MAR 2023" VB #</Process><Process ToolSource="c:\program files (x86)\arcgis\desktop10.8\ArcToolbox\Toolboxes\Data Management Tools.tbx\CalculateField" Date="20250108" Time="160812">CalculateField som_admbndt_adminUnitLookup validOn "08 DEC 2025" VB #</Process><Process ToolSource="c:\program files (x86)\arcgis\desktop10.8\ArcToolbox\Toolboxes\Data Management Tools.tbx\CalculateField" Date="20250108" Time="160912">CalculateField som_admbndt_adminUnitLookup date "04 DEC 2024" VB #</Process><Process ToolSource="c:\program files (x86)\arcgis\desktop10.8\ArcToolbox\Toolboxes\Data Management Tools.tbx\CalculateField" Date="20250108" Time="160948">CalculateField som_admbndt_adminUnitLookup validOn "04 JAN 2025" VB #</Process><Process ToolSource="c:\program files (x86)\arcgis\desktop10.8\ArcToolbox\Toolboxes\Data Management Tools.tbx\CalculateField" Date="20250108" Time="161126">CalculateField som_admbndt_adminUnitLookup validOn "08 JAN 2025" VB #</Process><Process ToolSource="c:\program files (x86)\arcgis\desktop10.8\ArcToolbox\Toolboxes\Conversion Tools.tbx\TableToTable" Date="20250109" Time="162314">TableToTable K:\CODServices\COD_SOM\Candidates\SOM_AdminBoundaries_candidate.gdb\som_admbndt_adminUnitLookup K:\CODServices\COD_SOM\Candidates\SOM_AdminBoundaries_SHP som_admbndt_adminUnitLookup.dbf # "adminUnitL "adminUnitL" true true false 2 Short 0 0 ,First,#,K:\CODServices\COD_SOM\Candidates\SOM_AdminBoundaries_candidate.gdb\som_admbndt_adminUnitLookup,adminUnitLevelNumber,-1,-1;adminUni_1 "adminUni_1" true true false 50 Text 0 0 ,First,#,K:\CODServices\COD_SOM\Candidates\SOM_AdminBoundaries_candidate.gdb\som_admbndt_adminUnitLookup,adminUnitLevelTitle,-1,-1;adminUni_2 "adminUni_2" true true false 50 Text 0 0 ,First,#,K:\CODServices\COD_SOM\Candidates\SOM_AdminBoundaries_candidate.gdb\som_admbndt_adminUnitLookup,adminUnitLocalTitle,-1,-1;date "date" true true false 8 Date 0 0 ,First,#,K:\CODServices\COD_SOM\Candidates\SOM_AdminBoundaries_candidate.gdb\som_admbndt_adminUnitLookup,date,-1,-1;validOn "validOn" true true false 8 Date 0 0 ,First,#,K:\CODServices\COD_SOM\Candidates\SOM_AdminBoundaries_candidate.gdb\som_admbndt_adminUnitLookup,validOn,-1,-1;validTo "validTo" true true false 8 Date 0 0 ,First,#,K:\CODServices\COD_SOM\Candidates\SOM_AdminBoundaries_candidate.gdb\som_admbndt_adminUnitLookup,validTo,-1,-1" #</Process></lineage><itemProps><itemLocation><linkage Sync="TRUE">file://\\os.uga.edu\onu-ocha\working\Process_Files\CODServices\COD_SOM\Candidates\SOM_AdminBoundaries_SHP\som_admbndt_adminUnitLookup.dbf</linkage><protocol Sync="TRUE">Local Area Network</protocol></itemLocation><itemName Sync="TRUE">som_admbndt_adminUnitLookup</itemName><imsContentType Sync="TRUE">002</imsContentType><itemSize Sync="TRUE">0.000</itemSize></itemProps></DataProperties><SyncDate>20250109</SyncDate><SyncTime>16231300</SyncTime><ModDate>20250109</ModDate><ModTime>16231300</ModTime></Esri><dataIdInfo><envirDesc Sync="TRUE"> Version 6.2 (Build 9200) ; Esri ArcGIS 10.8.1.14362</envirDesc><dataLang><languageCode value="eng" Sync="TRUE"></languageCode><countryCode value="USA" Sync="TRUE"></countryCode></dataLang><idCitation><resTitle Sync="TRUE">som_admbndt_adminUnitLookup</resTitle><presForm><PresFormCd value="011" Sync="TRUE"></PresFormCd></presForm></idCitation><spatRpType><SpatRepTypCd value="003" Sync="TRUE"></SpatRepTypCd></spatRpType></dataIdInfo><mdLang><languageCode value="eng" Sync="TRUE"></languageCode><countryCode value="USA" Sync="TRUE"></countryCode></mdLang><distInfo><distFormat><formatName Sync="TRUE">dBASE Table</formatName></distFormat><distTranOps><transSize Sync="TRUE">0.000</transSize></distTranOps></distInfo><mdHrLv><ScopeCd value="007" Sync="TRUE"></ScopeCd></mdHrLv><mdHrLvName Sync="TRUE">dataset</mdHrLvName><eainfo><detailed Name="som_admbndt_adminUnitLookup"><enttyp><enttypl Sync="TRUE">som_admbndt_adminUnitLookup</enttypl><enttypt Sync="TRUE">Table</enttypt><enttypc Sync="TRUE">0</enttypc></enttyp><attr><attrlabl Sync="TRUE">OID</attrlabl><attalias Sync="TRUE">OID</attalias><attrtype Sync="TRUE">OID</attrtype><attwidth Sync="TRUE">4</attwidth><atprecis Sync="TRUE">0</atprecis><attscale Sync="TRUE">0</attscale><attrdef Sync="TRUE">Internal feature number.</attrdef><attrdefs Sync="TRUE">Esri</attrdefs><attrdomv><udom Sync="TRUE">Sequential unique whole numbers that are automatically generated.</udom></attrdomv></attr><attr><attrlabl Sync="TRUE">adminUnitL</attrlabl><attalias Sync="TRUE">adminUnitL</attalias><attrtype Sync="TRUE">Integer</attrtype><attwidth Sync="TRUE">5</attwidth><atprecis Sync="TRUE">5</atprecis><attscale Sync="TRUE">0</attscale></attr><attr><attrlabl Sync="TRUE">adminUni_1</attrlabl><attalias Sync="TRUE">adminUni_1</attalias><attrtype Sync="TRUE">String</attrtype><attwidth Sync="TRUE">50</attwidth><atprecis Sync="TRUE">0</atprecis><attscale Sync="TRUE">0</attscale></attr><attr><attrlabl Sync="TRUE">adminUni_2</attrlabl><attalias Sync="TRUE">adminUni_2</attalias><attrtype Sync="TRUE">String</attrtype><attwidth Sync="TRUE">50</attwidth><atprecis Sync="TRUE">0</atprecis><attscale Sync="TRUE">0</attscale></attr><attr><attrlabl Sync="TRUE">date</attrlabl><attalias Sync="TRUE">date</attalias><attrtype Sync="TRUE">Date</attrtype><attwidth Sync="TRUE">8</attwidth><atprecis Sync="TRUE">0</atprecis><attscale Sync="TRUE">0</attscale></attr><attr><attrlabl Sync="TRUE">validOn</attrlabl><attalias Sync="TRUE">validOn</attalias><attrtype Sync="TRUE">Date</attrtype><attwidth Sync="TRUE">8</attwidth><atprecis Sync="TRUE">0</atprecis><attscale Sync="TRUE">0</attscale></attr><attr><attrlabl Sync="TRUE">validTo</attrlabl><attalias Sync="TRUE">validTo</attalias><attrtype Sync="TRUE">Date</attrtype><attwidth Sync="TRUE">8</attwidth><atprecis Sync="TRUE">0</atprecis><attscale Sync="TRUE">0</attscale></attr></detailed></eainfo><mdDateSt Sync="TRUE">20250109</mdDateSt></metadata>
